Filename,spacing_x,spacing_y,spacing_z,Direction,size_x,size_y,size_z
Case_00003_0000.nii.gz,0.9765625,0.9765625,0.5,"(-1.0, 0.0, 0.0, 0.0, -1.0, 0.0, 0.0, 0.0, 1.0)",512,512,834
Case_00018_0000.nii.gz,0.861328125,0.861328125,0.5,"(-1.0, 0.0, 0.0, 0.0, -1.0, 0.0, 0.0, 0.0, 1.0)",512,512,670
Case_00021_0000.nii.gz,0.95703125,0.95703125,0.5,"(-1.0, 0.0, 0.0, 0.0, -1.0, 0.0, 0.0, 0.0, 1.0)",512,512,673
Case_00027_0000.nii.gz,0.703125,0.703125,0.5,"(-1.0, 0.0, 0.0, 0.0, -1.0, 0.0, 0.0, 0.0, 1.0)",512,512,612
Case_00040_0000.nii.gz,0.703125,0.703125,0.5,"(-1.0, 0.0, 0.0, 0.0, -1.0, 0.0, 0.0, 0.0, 1.0)",512,512,325
Case_00043_0000.nii.gz,0.837890625,0.837890625,0.5,"(-1.0, 0.0, 0.0, 0.0, -1.0, 0.0, 0.0, 0.0, 1.0)",512,512,634
Case_00220_0000.nii.gz,0.703125,0.703125,0.5,"(-1.0, 0.0, 0.0, 0.0, -1.0, 0.0, 0.0, 0.0, 1.0)",512,512,626
Case_00227_0000.nii.gz,0.7890625,0.7890625,0.5,"(-1.0, 0.0, 0.0, 0.0, -1.0, 0.0, 0.0, 0.0, 1.0)",512,512,735
Case_00231_0000.nii.gz,0.73828125,0.73828125,0.5,"(-1.0, 0.0, 0.0, 0.0, -1.0, 0.0, 0.0, 0.0, 1.0)",512,512,683
Case_00232_0000.nii.gz,0.771484375,0.771484375,0.5,"(-1.0, 0.0, 0.0, 0.0, -1.0, 0.0, 0.0, 0.0, 1.0)",512,512,512
Case_00247_0000.nii.gz,0.703125,0.703125,0.5,"(-1.0, 0.0, 0.0, 0.0, -1.0, 0.0, 0.0, 0.0, 1.0)",512,512,591
Case_00414_0000.nii.gz,0.7890625,0.7890625,0.5,"(-1.0, 0.0, 0.0, 0.0, -1.0, 0.0, 0.0, 0.0, 1.0)",512,512,738
Case_00418_0000.nii.gz,0.859375,0.859375,0.5,"(-1.0, 0.0, 0.0, 0.0, -1.0, 0.0, 0.0, 0.0, 1.0)",512,512,527
Case_00434_0000.nii.gz,0.671875,0.671875,0.5,"(-1.0, 0.0, 0.0, 0.0, -1.0, 0.0, 0.0, 0.0, 1.0)",512,512,433
Case_00441_0000.nii.gz,0.765625,0.765625,0.5,"(-1.0, 0.0, 0.0, 0.0, -1.0, 0.0, 0.0, 0.0, 1.0)",512,512,719
Case_00530_0000.nii.gz,0.85546875,0.85546875,0.5,"(-1.0, 0.0, 0.0, 0.0, -1.0, 0.0, 0.0, 0.0, 1.0)",512,512,673
Case_00542_0000.nii.gz,0.9375,0.9375,0.5,"(-1.0, 0.0, 0.0, 0.0, -1.0, 0.0, 0.0, 0.0, 1.0)",512,512,470
Case_00543_0000.nii.gz,0.9765625,0.9765625,0.5,"(-1.0, 0.0, 0.0, 0.0, -1.0, 0.0, 0.0, 0.0, 1.0)",512,512,987
Case_00545_0000.nii.gz,0.703125,0.703125,0.5,"(-1.0, 0.0, 0.0, 0.0, -1.0, 0.0, 0.0, 0.0, 1.0)",512,512,705
Case_00664_0000.nii.gz,0.82421875,0.82421875,0.5,"(-1.0, 0.0, 0.0, 0.0, -1.0, 0.0, 0.0, 0.0, 1.0)",512,512,743
Case_00700_0000.nii.gz,0.85546875,0.85546875,0.5,"(-1.0, 0.0, 0.0, 0.0, -1.0, 0.0, 0.0, 0.0, 1.0)",512,512,727
Case_00707_0000.nii.gz,0.703125,0.703125,0.5,"(-1.0, 0.0, 0.0, 0.0, -1.0, 0.0, 0.0, 0.0, 1.0)",512,512,591
Case_00708_0000.nii.gz,0.767578125,0.767578125,0.5,"(-1.0, 0.0, 0.0, 0.0, -1.0, 0.0, 0.0, 0.0, 1.0)",512,512,623
Case_00711_0000.nii.gz,0.734375,0.734375,0.5,"(-1.0, 0.0, 0.0, 0.0, -1.0, 0.0, 0.0, 0.0, 1.0)",512,512,617
Case_00712_0000.nii.gz,0.751953125,0.751953125,0.5,"(-1.0, 0.0, 0.0, 0.0, -1.0, 0.0, 0.0, 0.0, 1.0)",512,512,624
Case_00749_0000.nii.gz,0.84375,0.84375,0.5,"(-1.0, 0.0, 0.0, 0.0, -1.0, 0.0, 0.0, 0.0, 1.0)",512,512,615
Case_00751_0000.nii.gz,0.7890625,0.7890625,0.5,"(-1.0, 0.0, 0.0, 0.0, -1.0, 0.0, 0.0, 0.0, 1.0)",512,512,653
Case_00305_0000.nii.gz,0.78125,0.78125,0.699984074,"(-1.0, 0.0, 0.0, 0.0, -1.0, 0.0, 0.0, 0.0, 1.0)",512,512,629
Case_00559_0000.nii.gz,0.716796875,0.716796875,0.699985206,"(-1.0, 0.0, 0.0, 0.0, -1.0, 0.0, 0.0, 0.0, 1.0)",512,512,677
Case_00452_0000.nii.gz,0.69921875,0.69921875,0.699999928,"(-1.0, 0.0, 0.0, 0.0, -1.0, 0.0, 0.0, 0.0, 1.0)",512,512,685
Case_01049_0000.nii.gz,0.78125,0.78125,0.699999988,"(1.0, 0.0, 0.0, 0.0, -1.0, 0.0, 0.0, 0.0, -1.0)",512,512,310
Case_00267_0000.nii.gz,0.705078125,0.705078125,0.699999988,"(-1.0, 0.0, 0.0, 0.0, -1.0, 0.0, 0.0, 0.0, 1.0)",512,512,338
Case_00958_0000.nii.gz,0.861328125,0.861328125,0.699999988,"(-1.0, 0.0, 0.0, 0.0, -1.0, 0.0, 0.0, 0.0, 1.0)",512,512,565
Case_00959_0000.nii.gz,0.7578125,0.7578125,0.699999988,"(-1.0, 0.0, 0.0, 0.0, -1.0, 0.0, 0.0, 0.0, 1.0)",512,512,610
Case_00268_0000.nii.gz,0.68359375,0.68359375,0.699999988,"(-1.0, 0.0, 0.0, 0.0, -1.0, 0.0, 0.0, 0.0, 1.0)",512,512,624
Case_00591_0000.nii.gz,0.734375,0.734375,0.699999988,"(-1.0, 0.0, 0.0, 0.0, -1.0, 0.0, 0.0, 0.0, 1.0)",512,512,645
Case_00089_0000.nii.gz,0.68359375,0.68359375,0.699999988,"(-1.0, 0.0, 0.0, 0.0, -1.0, 0.0, 0.0, 0.0, 1.0)",512,512,647
Case_00570_0000.nii.gz,0.78125,0.78125,0.699999988,"(-1.0, 0.0, 0.0, 0.0, -1.0, 0.0, 0.0, 0.0, 1.0)",512,512,654
Case_00943_0000.nii.gz,0.734375,0.734375,0.699999988,"(-1.0, 0.0, 0.0, 0.0, -1.0, 0.0, 0.0, 0.0, 1.0)",512,512,659
Case_00076_0000.nii.gz,0.86328125,0.86328125,0.699999988,"(-1.0, 0.0, 0.0, 0.0, -1.0, 0.0, 0.0, 0.0, 1.0)",512,512,668
Case_00590_0000.nii.gz,0.72265625,0.72265625,0.699999988,"(-1.0, 0.0, 0.0, 0.0, -1.0, 0.0, 0.0, 0.0, 1.0)",512,512,671
Case_00558_0000.nii.gz,0.705078125,0.705078125,0.699999988,"(-1.0, 0.0, 0.0, 0.0, -1.0, 0.0, 0.0, 0.0, 1.0)",512,512,683
Case_00560_0000.nii.gz,0.85546875,0.85546875,0.699999988,"(-1.0, 0.0, 0.0, 0.0, -1.0, 0.0, 0.0, 0.0, 1.0)",512,512,683
Case_00950_0000.nii.gz,0.748046875,0.748046875,0.699999988,"(-1.0, 0.0, 0.0, 0.0, -1.0, 0.0, 0.0, 0.0, 1.0)",512,512,694
Case_00589_0000.nii.gz,0.74609375,0.74609375,0.699999988,"(-1.0, 0.0, 0.0, 0.0, -1.0, 0.0, 0.0, 0.0, 1.0)",512,512,722
Case_00299_0000.nii.gz,0.7578125,0.7578125,0.699999988,"(-1.0, 0.0, 0.0, 0.0, -1.0, 0.0, 0.0, 0.0, 1.0)",512,512,733
Case_00942_0000.nii.gz,0.734375,0.734375,0.699999988,"(-1.0, 0.0, 0.0, 0.0, -1.0, 0.0, 0.0, 0.0, 1.0)",512,512,760
Case_00780_0000.nii.gz,0.78125,0.78125,0.699999988,"(-1.0, 0.0, 0.0, 0.0, -1.0, 0.0, 0.0, 0.0, 1.0)",512,512,820
Case_00573_0000.nii.gz,0.73828125,0.73828125,0.699999988,"(-1.0, 0.0, 0.0, 0.0, -1.0, 0.0, 0.0, 0.0, 1.0)",512,512,861
Case_00298_0000.nii.gz,0.7421875,0.7421875,0.699999988,"(-1.0, 0.0, 0.0, 0.0, -1.0, 0.0, 0.0, 0.0, 1.0)",512,512,871
Case_00781_0000.nii.gz,0.6484375,0.6484375,0.699999988,"(-1.0, 0.0, 0.0, 0.0, -1.0, 0.0, 0.0, 0.0, 1.0)",512,512,903
Case_00265_0000.nii.gz,0.7890625,0.7890625,0.699999988,"(-1.0, 0.0, 0.0, 0.0, -1.0, 0.0, 0.0, 0.0, 1.0)",512,512,908
Case_00588_0000.nii.gz,0.837890625,0.837890625,0.699999988,"(-1.0, 0.0, 0.0, 0.0, -1.0, 0.0, 0.0, 0.0, 1.0)",512,512,917
Case_00945_0000.nii.gz,0.716796875,0.716796875,0.699999988,"(-1.0, 0.0, 0.0, 0.0, -1.0, 0.0, 0.0, 0.0, 1.0)",512,512,947
Case_00946_0000.nii.gz,0.693359375,0.693359375,0.699999988,"(-1.0, 0.0, 0.0, 0.0, -1.0, 0.0, 0.0, 0.0, 1.0)",512,512,947
Case_00561_0000.nii.gz,0.84375,0.84375,0.699999988,"(-1.0, 0.0, 0.0, 0.0, -1.0, 0.0, 0.0, 0.0, 1.0)",512,512,986
Case_00569_0000.nii.gz,0.771484375,0.771484375,0.699999988,"(-1.0, 0.0, 0.0, 0.0, -1.0, 0.0, 0.0, 0.0, 1.0)",512,512,987
Case_00947_0000.nii.gz,0.763671875,0.763671875,0.699999988,"(-1.0, 0.0, 0.0, 0.0, -1.0, 0.0, 0.0, 0.0, 1.0)",512,512,997
Case_00300_0000.nii.gz,0.64453125,0.64453125,0.700000048,"(-1.0, 0.0, 0.0, 0.0, -1.0, 0.0, 0.0, 0.0, 1.0)",512,512,630
Case_00944_0000.nii.gz,0.796875,0.796875,0.700000048,"(-1.0, 0.0, 0.0, 0.0, -1.0, 0.0, 0.0, 0.0, 1.0)",512,512,668
Case_00509_0000.nii.gz,0.787109017,0.787109017,0.700012028,"(-1.0, 0.0, 0.0, 0.0, -1.0, 0.0, 0.0, 0.0, 1.0)",512,512,751
Case_00582_0000.nii.gz,0.625,0.625,0.798950016,"(-1.0, 0.0, 0.0, 0.0, -1.0, 0.0, 0.0, 0.0, 1.0)",512,512,513
Case_00288_0000.nii.gz,0.96875,0.96875,0.799987972,"(-1.0, 0.0, 0.0, 0.0, -1.0, 0.0, 0.0, 0.0, 1.0)",512,512,537
Case_00971_0000.nii.gz,0.755859375,0.755859375,0.799987972,"(-1.0, 0.0, 0.0, 0.0, -1.0, 0.0, 0.0, 0.0, 1.0)",512,512,537
Case_00269_0000.nii.gz,0.751953125,0.751953125,0.799987972,"(-1.0, 0.0, 0.0, 0.0, -1.0, 0.0, 0.0, 0.0, 1.0)",512,512,547
Case_00271_0000.nii.gz,0.802734375,0.802734375,0.799987972,"(-1.0, 0.0, 0.0, 0.0, -1.0, 0.0, 0.0, 0.0, 1.0)",512,512,574
Case_00692_0000.nii.gz,0.673828125,0.673828125,0.800000012,"(-1.0, 0.0, 0.0, 0.0, -1.0, 0.0, 0.0, 0.0, 1.0)",512,512,177
Case_00960_0000.nii.gz,0.708984375,0.708984375,0.800000012,"(-1.0, 0.0, 0.0, 0.0, -1.0, 0.0, 0.0, 0.0, 1.0)",512,512,357
Case_00963_0000.nii.gz,0.894531012,0.894531012,0.800000012,"(-1.0, 0.0, 0.0, 0.0, -1.0, 0.0, 0.0, 0.0, 1.0)",512,512,629
Case_00072_0000.nii.gz,0.703125,0.703125,0.800000012,"(-1.0, 0.0, 0.0, 0.0, -1.0, 0.0, 0.0, 0.0, 1.0)",512,512,689
Case_00304_0000.nii.gz,0.662,0.662,0.800000012,"(-1.0, 0.0, 0.0, 0.0, -1.0, 0.0, 0.0, 0.0, 1.0)",512,512,696
Case_00787_0000.nii.gz,0.728515983,0.728515983,0.800000012,"(-1.0, 0.0, 0.0, 0.0, -1.0, 0.0, 0.0, 0.0, 1.0)",512,512,715
Case_00791_0000.nii.gz,0.839843988,0.839843988,0.800000012,"(-1.0, 0.0, 0.0, 0.0, -1.0, 0.0, 0.0, 0.0, 1.0)",512,512,741
Case_00454_0000.nii.gz,0.639999986,0.639999986,0.800000012,"(-1.0, 0.0, 0.0, 0.0, -1.0, 0.0, 0.0, 0.0, 1.0)",512,512,751
Case_00475_0000.nii.gz,0.85799998,0.85799998,0.800000012,"(-1.0, 0.0, 0.0, 0.0, -1.0, 0.0, 0.0, 0.0, 1.0)",512,512,751
Case_00587_0000.nii.gz,0.781000018,0.781000018,0.800000012,"(-1.0, 0.0, 0.0, 0.0, -1.0, 0.0, 0.0, 0.0, 1.0)",512,512,751
Case_00564_0000.nii.gz,0.763000011,0.763000011,0.800000012,"(-1.0, 0.0, 0.0, 0.0, -1.0, 0.0, 0.0, 0.0, 1.0)",512,512,756
Case_00565_0000.nii.gz,0.782000005,0.782000005,0.800000012,"(-1.0, 0.0, 0.0, 0.0, -1.0, 0.0, 0.0, 0.0, 1.0)",512,512,761
Case_00586_0000.nii.gz,0.637000024,0.637000024,0.800000012,"(-1.0, 0.0, 0.0, 0.0, -1.0, 0.0, 0.0, 0.0, 1.0)",512,512,766
Case_00562_0000.nii.gz,0.728999972,0.728999972,0.800000012,"(-1.0, 0.0, 0.0, 0.0, -1.0, 0.0, 0.0, 0.0, 1.0)",512,512,771
Case_00563_0000.nii.gz,0.782000005,0.782000005,0.800000012,"(-1.0, 0.0, 0.0, 0.0, -1.0, 0.0, 0.0, 0.0, 1.0)",512,512,771
Case_00786_0000.nii.gz,0.904296994,0.904296994,0.800000012,"(-1.0, 0.0, 0.0, 0.0, -1.0, 0.0, 0.0, 0.0, 1.0)",512,512,784
Case_00302_0000.nii.gz,0.755999982,0.755999982,0.800000012,"(-1.0, 0.0, 0.0, 0.0, -1.0, 0.0, 0.0, 0.0, 1.0)",512,512,811
Case_00453_0000.nii.gz,0.720000029,0.720000029,0.800000012,"(-1.0, 0.0, 0.0, 0.0, -1.0, 0.0, 0.0, 0.0, 1.0)",512,512,816
Case_00790_0000.nii.gz,0.867187977,0.867187977,0.800000012,"(-1.0, 0.0, 0.0, 0.0, -1.0, 0.0, 0.0, 0.0, 1.0)",512,512,818
Case_00073_0000.nii.gz,0.744140983,0.744140983,0.800000012,"(-1.0, 0.0, 0.0, 0.0, -1.0, 0.0, 0.0, 0.0, 1.0)",512,512,826
Case_00262_0000.nii.gz,0.781000018,0.781000018,0.800000012,"(-1.0, 0.0, 0.0, 0.0, -1.0, 0.0, 0.0, 0.0, 1.0)",512,512,836
Case_00303_0000.nii.gz,0.671000004,0.671000004,0.800000012,"(-1.0, 0.0, 0.0, 0.0, -1.0, 0.0, 0.0, 0.0, 1.0)",512,512,836
Case_00455_0000.nii.gz,0.680000007,0.680000007,0.800000012,"(-1.0, 0.0, 0.0, 0.0, -1.0, 0.0, 0.0, 0.0, 1.0)",512,512,836
Case_00965_0000.nii.gz,0.976562023,0.976562023,0.800000012,"(-1.0, 0.0, 0.0, 0.0, -1.0, 0.0, 0.0, 0.0, 1.0)",512,512,839
Case_00279_0000.nii.gz,0.902343988,0.902343988,0.800000012,"(-1.0, 0.0, 0.0, 0.0, -1.0, 0.0, 0.0, 0.0, 1.0)",512,512,841
Case_00476_0000.nii.gz,0.737999976,0.737999976,0.800000012,"(-1.0, 0.0, 0.0, 0.0, -1.0, 0.0, 0.0, 0.0, 1.0)",512,512,841
Case_00074_0000.nii.gz,0.921875,0.921875,0.800000012,"(-1.0, 0.0, 0.0, 0.0, -1.0, 0.0, 0.0, 0.0, 1.0)",512,512,845
Case_00263_0000.nii.gz,0.782000005,0.782000005,0.800000012,"(-1.0, 0.0, 0.0, 0.0, -1.0, 0.0, 0.0, 0.0, 1.0)",512,512,846
Case_00264_0000.nii.gz,0.755999982,0.755999982,0.800000012,"(-1.0, 0.0, 0.0, 0.0, -1.0, 0.0, 0.0, 0.0, 1.0)",512,512,846
Case_00261_0000.nii.gz,0.728999972,0.728999972,0.800000012,"(-1.0, 0.0, 0.0, 0.0, -1.0, 0.0, 0.0, 0.0, 1.0)",512,512,856
Case_00301_0000.nii.gz,0.853999972,0.853999972,0.800000012,"(-1.0, 0.0, 0.0, 0.0, -1.0, 0.0, 0.0, 0.0, 1.0)",512,512,896
Case_00088_0000.nii.gz,0.625,0.625,0.800999999,"(-1.0, 0.0, 0.0, 0.0, -1.0, 0.0, 0.0, 0.0, 1.0)",512,512,519
Case_00922_0000.nii.gz,0.9765625,0.9765625,1,"(1.0, 0.0, 0.0, 0.0, -1.0, 0.0, 0.0, 0.0, -1.0)",512,512,181
Case_01044_0000.nii.gz,0.703125,0.703125,1,"(1.0, 0.0, 0.0, 0.0, -1.0, 0.0, 0.0, 0.0, -1.0)",512,512,185
Case_01023_0000.nii.gz,0.7421875,0.7421875,1,"(1.0, 0.0, 0.0, 0.0, -1.0, 0.0, 0.0, 0.0, -1.0)",512,512,186
Case_00912_0000.nii.gz,0.68359375,0.68359375,1,"(1.0, 0.0, 0.0, 0.0, -1.0, 0.0, 0.0, 0.0, -1.0)",512,512,193
Case_00916_0000.nii.gz,0.890625,0.890625,1,"(1.0, 0.0, 0.0, 0.0, -1.0, 0.0, 0.0, 0.0, -1.0)",512,512,194
Case_01018_0000.nii.gz,0.8984375,0.8984375,1,"(1.0, 0.0, 0.0, 0.0, -1.0, 0.0, 0.0, 0.0, -1.0)",512,512,195
Case_01021_0000.nii.gz,0.85799998,0.85799998,1,"(1.0, 0.0, 0.0, 0.0, -1.0, 0.0, 0.0, 0.0, -1.0)",512,512,196
Case_01036_0000.nii.gz,0.7421875,0.7421875,1,"(1.0, 0.0, 0.0, 0.0, -1.0, 0.0, 0.0, 0.0, -1.0)",512,512,198
Case_01041_0000.nii.gz,0.782000005,0.782000005,1,"(1.0, 0.0, 0.0, 0.0, -1.0, 0.0, 0.0, 0.0, -1.0)",512,512,198
Case_00901_0000.nii.gz,0.78125,0.78125,1,"(1.0, 0.0, 0.0, 0.0, -1.0, 0.0, 0.0, 0.0, -1.0)",512,512,199
Case_00906_0000.nii.gz,0.8984375,0.8984375,1,"(1.0, 0.0, 0.0, 0.0, -1.0, 0.0, 0.0, 0.0, -1.0)",512,512,201
Case_00918_0000.nii.gz,0.9375,0.9375,1,"(1.0, 0.0, 0.0, 0.0, -1.0, 0.0, 0.0, 0.0, -1.0)",512,512,201
Case_01020_0000.nii.gz,0.9375,0.9375,1,"(1.0, 0.0, 0.0, 0.0, -1.0, 0.0, 0.0, 0.0, -1.0)",512,512,201
Case_01042_0000.nii.gz,0.8203125,0.8203125,1,"(1.0, 0.0, 0.0, 0.0, -1.0, 0.0, 0.0, 0.0, -1.0)",512,512,201
Case_01056_0000.nii.gz,0.78125,0.78125,1,"(1.0, 0.0, 0.0, 0.0, -1.0, 0.0, 0.0, 0.0, -1.0)",512,512,201
Case_00908_0000.nii.gz,0.782000005,0.782000005,1,"(1.0, 0.0, 0.0, 0.0, -1.0, 0.0, 0.0, 0.0, -1.0)",512,512,203
Case_01050_0000.nii.gz,0.939453125,0.939453125,1,"(1.0, 0.0, 0.0, 0.0, -1.0, 0.0, 0.0, 0.0, -1.0)",512,512,203
Case_00917_0000.nii.gz,0.782000005,0.782000005,1,"(1.0, 0.0, 0.0, 0.0, -1.0, 0.0, 0.0, 0.0, -1.0)",512,512,204
Case_00893_0000.nii.gz,0.819999993,0.819999993,1,"(1.0, 0.0, 0.0, 0.0, -1.0, 0.0, 0.0, 0.0, -1.0)",512,512,205
Case_00904_0000.nii.gz,0.782000005,0.782000005,1,"(1.0, 0.0, 0.0, 0.0, -1.0, 0.0, 0.0, 0.0, -1.0)",512,512,205
Case_01031_0000.nii.gz,0.8203125,0.8203125,1,"(1.0, 0.0, 0.0, 0.0, -1.0, 0.0, 0.0, 0.0, -1.0)",512,512,205
Case_01037_0000.nii.gz,0.782000005,0.782000005,1,"(1.0, 0.0, 0.0, 0.0, -1.0, 0.0, 0.0, 0.0, -1.0)",512,512,205
Case_00915_0000.nii.gz,0.9765625,0.9765625,1,"(1.0, 0.0, 0.0, 0.0, -1.0, 0.0, 0.0, 0.0, -1.0)",512,512,206
Case_01022_0000.nii.gz,0.927734375,0.927734375,1,"(1.0, 0.0, 0.0, 0.0, -1.0, 0.0, 0.0, 0.0, -1.0)",512,512,206
Case_01032_0000.nii.gz,0.8984375,0.8984375,1,"(1.0, 0.0, 0.0, 0.0, -1.0, 0.0, 0.0, 0.0, -1.0)",512,512,206
Case_01043_0000.nii.gz,0.9375,0.9375,1,"(1.0, 0.0, 0.0, 0.0, -1.0, 0.0, 0.0, 0.0, -1.0)",512,512,206
Case_00923_0000.nii.gz,0.9765625,0.9765625,1,"(1.0, 0.0, 0.0, 0.0, -1.0, 0.0, 0.0, 0.0, -1.0)",512,512,209
Case_01045_0000.nii.gz,0.78125,0.78125,1,"(1.0, 0.0, 0.0, 0.0, -1.0, 0.0, 0.0, 0.0, -1.0)",512,512,209
Case_01058_0000.nii.gz,0.859375,0.859375,1,"(1.0, 0.0, 0.0, 0.0, -1.0, 0.0, 0.0, 0.0, -1.0)",512,512,209
Case_00891_0000.nii.gz,0.85799998,0.85799998,1,"(1.0, 0.0, 0.0, 0.0, -1.0, 0.0, 0.0, 0.0, -1.0)",512,512,210
Case_00897_0000.nii.gz,0.8984375,0.8984375,1,"(1.0, 0.0, 0.0, 0.0, -1.0, 0.0, 0.0, 0.0, -1.0)",512,512,210
Case_00919_0000.nii.gz,0.8984375,0.8984375,1,"(1.0, 0.0, 0.0, 0.0, -1.0, 0.0, 0.0, 0.0, -1.0)",512,512,210
Case_01054_0000.nii.gz,0.8984375,0.8984375,1,"(1.0, 0.0, 0.0, 0.0, -1.0, 0.0, 0.0, 0.0, -1.0)",512,512,213
Case_00895_0000.nii.gz,0.9765625,0.9765625,1,"(1.0, 0.0, 0.0, 0.0, -1.0, 0.0, 0.0, 0.0, -1.0)",512,512,214
Case_01048_0000.nii.gz,0.9765625,0.9765625,1,"(1.0, 0.0, 0.0, 0.0, -1.0, 0.0, 0.0, 0.0, -1.0)",512,512,215
Case_00890_0000.nii.gz,0.6640625,0.6640625,1,"(1.0, 0.0, 0.0, 0.0, -1.0, 0.0, 0.0, 0.0, -1.0)",512,512,216
Case_01040_0000.nii.gz,0.9375,0.9375,1,"(1.0, 0.0, 0.0, 0.0, -1.0, 0.0, 0.0, 0.0, -1.0)",512,512,216
Case_01055_0000.nii.gz,0.9765625,0.9765625,1,"(1.0, 0.0, 0.0, 0.0, -1.0, 0.0, 0.0, 0.0, -1.0)",512,512,216
Case_00898_0000.nii.gz,0.85799998,0.85799998,1,"(1.0, 0.0, 0.0, 0.0, -1.0, 0.0, 0.0, 0.0, -1.0)",512,512,218
Case_01047_0000.nii.gz,0.859375,0.859375,1,"(1.0, 0.0, 0.0, 0.0, -1.0, 0.0, 0.0, 0.0, -1.0)",512,512,218
Case_00894_0000.nii.gz,0.90234375,0.90234375,1,"(1.0, 0.0, 0.0, 0.0, -1.0, 0.0, 0.0, 0.0, -1.0)",512,512,221
Case_01019_0000.nii.gz,0.8984375,0.8984375,1,"(1.0, 0.0, 0.0, 0.0, -1.0, 0.0, 0.0, 0.0, -1.0)",512,512,221
Case_01057_0000.nii.gz,0.9765625,0.9765625,1,"(1.0, 0.0, 0.0, 0.0, -1.0, 0.0, 0.0, 0.0, -1.0)",512,512,221
Case_00910_0000.nii.gz,0.8984375,0.8984375,1,"(1.0, 0.0, 0.0, 0.0, -1.0, 0.0, 0.0, 0.0, -1.0)",512,512,222
Case_00892_0000.nii.gz,0.9375,0.9375,1,"(1.0, 0.0, 0.0, 0.0, -1.0, 0.0, 0.0, 0.0, -1.0)",512,512,223
Case_00905_0000.nii.gz,0.8203125,0.8203125,1,"(1.0, 0.0, 0.0, 0.0, -1.0, 0.0, 0.0, 0.0, -1.0)",512,512,223
Case_01027_0000.nii.gz,0.9765625,0.9765625,1,"(1.0, 0.0, 0.0, 0.0, -1.0, 0.0, 0.0, 0.0, -1.0)",512,512,223
Case_01028_0000.nii.gz,0.95703125,0.95703125,1,"(1.0, 0.0, 0.0, 0.0, -1.0, 0.0, 0.0, 0.0, -1.0)",512,512,223
Case_01052_0000.nii.gz,0.9375,0.9375,1,"(1.0, 0.0, 0.0, 0.0, -1.0, 0.0, 0.0, 0.0, -1.0)",512,512,223
Case_01060_0000.nii.gz,0.8984375,0.8984375,1,"(1.0, 0.0, 0.0, 0.0, -1.0, 0.0, 0.0, 0.0, -1.0)",512,512,224
Case_01062_0000.nii.gz,0.9375,0.9375,1,"(1.0, 0.0, 0.0, 0.0, -1.0, 0.0, 0.0, 0.0, -1.0)",512,512,226
Case_01035_0000.nii.gz,0.859375,0.859375,1,"(1.0, 0.0, 0.0, 0.0, -1.0, 0.0, 0.0, 0.0, -1.0)",512,512,227
Case_00913_0000.nii.gz,0.9765625,0.9765625,1,"(1.0, 0.0, 0.0, 0.0, -1.0, 0.0, 0.0, 0.0, -1.0)",512,512,228
Case_01024_0000.nii.gz,0.9375,0.9375,1,"(1.0, 0.0, 0.0, 0.0, -1.0, 0.0, 0.0, 0.0, -1.0)",512,512,231
Case_00902_0000.nii.gz,0.9765625,0.9765625,1,"(1.0, 0.0, 0.0, 0.0, -1.0, 0.0, 0.0, 0.0, -1.0)",512,512,233
Case_00920_0000.nii.gz,0.859375,0.859375,1,"(1.0, 0.0, 0.0, 0.0, -1.0, 0.0, 0.0, 0.0, -1.0)",512,512,233
Case_00030_0000.nii.gz,0.69921875,0.69921875,1,"(-1.0, 0.0, 0.0, 0.0, -1.0, 0.0, 0.0, 0.0, 1.0)",512,512,234
Case_01038_0000.nii.gz,0.9375,0.9375,1,"(1.0, 0.0, 0.0, 0.0, -1.0, 0.0, 0.0, 0.0, -1.0)",512,512,237
Case_00697_0000.nii.gz,0.69921875,0.69921875,1,"(-1.0, 0.0, 0.0, 0.0, -1.0, 0.0, 0.0, 0.0, 1.0)",512,512,238
Case_01017_0000.nii.gz,0.859375,0.859375,1,"(1.0, 0.0, 0.0, 0.0, -1.0, 0.0, 0.0, 0.0, -1.0)",512,512,240
Case_00686_0000.nii.gz,0.75390625,0.75390625,1,"(-1.0, 0.0, 0.0, 0.0, -1.0, 0.0, 0.0, 0.0, 1.0)",512,512,250
Case_00907_0000.nii.gz,0.78125,0.78125,1,"(1.0, 0.0, 0.0, 0.0, -1.0, 0.0, 0.0, 0.0, -1.0)",512,512,251
Case_00921_0000.nii.gz,0.9765625,0.9765625,1,"(1.0, 0.0, 0.0, 0.0, -1.0, 0.0, 0.0, 0.0, -1.0)",512,512,251
Case_00683_0000.nii.gz,0.78515625,0.78515625,1,"(-1.0, 0.0, 0.0, 0.0, -1.0, 0.0, 0.0, 0.0, 1.0)",512,512,258
Case_00203_0000.nii.gz,0.939453125,0.939453125,1,"(-1.0, 0.0, 0.0, 0.0, -1.0, 0.0, 0.0, 0.0, 1.0)",512,512,261
Case_00673_0000.nii.gz,0.76171875,0.76171875,1,"(-1.0, 0.0, 0.0, 0.0, -1.0, 0.0, 0.0, 0.0, 1.0)",512,512,266
Case_00755_0000.nii.gz,0.81640625,0.81640625,1,"(-1.0, 0.0, 0.0, 0.0, -1.0, 0.0, 0.0, 0.0, 1.0)",512,512,266
Case_00001_0000.nii.gz,0.85546875,0.85546875,1,"(-1.0, 0.0, 0.0, 0.0, -1.0, 0.0, 0.0, 0.0, 1.0)",512,512,270
Case_00044_0000.nii.gz,0.80859375,0.80859375,1,"(-1.0, 0.0, 0.0, 0.0, -1.0, 0.0, 0.0, 0.0, 1.0)",512,512,274
Case_00762_0000.nii.gz,0.83984375,0.83984375,1,"(-1.0, 0.0, 0.0, 0.0, -1.0, 0.0, 0.0, 0.0, 1.0)",512,512,276
Case_00242_0000.nii.gz,0.82421875,0.82421875,1,"(-1.0, 0.0, 0.0, 0.0, -1.0, 0.0, 0.0, 0.0, 1.0)",512,512,279
Case_00235_0000.nii.gz,0.83203125,0.83203125,1,"(-1.0, 0.0, 0.0, 0.0, -1.0, 0.0, 0.0, 0.0, 1.0)",512,512,285
Case_00422_0000.nii.gz,0.76171875,0.76171875,1,"(-1.0, 0.0, 0.0, 0.0, -1.0, 0.0, 0.0, 0.0, 1.0)",512,512,285
Case_00215_0000.nii.gz,0.859375,0.859375,1,"(-1.0, 0.0, 0.0, 0.0, -1.0, 0.0, 0.0, 0.0, 1.0)",512,512,301
Case_00039_0000.nii.gz,0.80859375,0.80859375,1,"(-1.0, 0.0, 0.0, 0.0, -1.0, 0.0, 0.0, 0.0, 1.0)",512,512,304
Case_00896_0000.nii.gz,0.78125,0.78125,1,"(1.0, 0.0, 0.0, 0.0, -1.0, 0.0, 0.0, 0.0, -1.0)",512,512,310
Case_00899_0000.nii.gz,0.6640625,0.6640625,1,"(1.0, 0.0, 0.0, 0.0, -1.0, 0.0, 0.0, 0.0, -1.0)",512,512,310
Case_00900_0000.nii.gz,0.703125,0.703125,1,"(1.0, 0.0, 0.0, 0.0, -1.0, 0.0, 0.0, 0.0, -1.0)",512,512,310
Case_00903_0000.nii.gz,0.7421875,0.7421875,1,"(1.0, 0.0, 0.0, 0.0, -1.0, 0.0, 0.0, 0.0, -1.0)",512,512,310
Case_00911_0000.nii.gz,0.703125,0.703125,1,"(1.0, 0.0, 0.0, 0.0, -1.0, 0.0, 0.0, 0.0, -1.0)",512,512,310
Case_01026_0000.nii.gz,0.78125,0.78125,1,"(1.0, 0.0, 0.0, 0.0, -1.0, 0.0, 0.0, 0.0, -1.0)",512,512,310
Case_01029_0000.nii.gz,0.703125,0.703125,1,"(1.0, 0.0, 0.0, 0.0, -1.0, 0.0, 0.0, 0.0, -1.0)",512,512,310
Case_01030_0000.nii.gz,0.859375,0.859375,1,"(1.0, 0.0, 0.0, 0.0, -1.0, 0.0, 0.0, 0.0, -1.0)",512,512,310
Case_01033_0000.nii.gz,0.91796875,0.91796875,1,"(1.0, 0.0, 0.0, 0.0, -1.0, 0.0, 0.0, 0.0, -1.0)",512,512,310
Case_01034_0000.nii.gz,0.78125,0.78125,1,"(1.0, 0.0, 0.0, 0.0, -1.0, 0.0, 0.0, 0.0, -1.0)",512,512,310
Case_01039_0000.nii.gz,0.68359375,0.68359375,1,"(1.0, 0.0, 0.0, 0.0, -1.0, 0.0, 0.0, 0.0, -1.0)",512,512,310
Case_01046_0000.nii.gz,0.7421875,0.7421875,1,"(1.0, 0.0, 0.0, 0.0, -1.0, 0.0, 0.0, 0.0, -1.0)",512,512,310
Case_01051_0000.nii.gz,0.78125,0.78125,1,"(1.0, 0.0, 0.0, 0.0, -1.0, 0.0, 0.0, 0.0, -1.0)",512,512,310
Case_01053_0000.nii.gz,0.742187977,0.742187977,1,"(1.0, 0.0, 0.0, 0.0, -1.0, 0.0, 0.0, 0.0, -1.0)",512,512,310
Case_01059_0000.nii.gz,0.703125,0.703125,1,"(1.0, 0.0, 0.0, 0.0, -1.0, 0.0, 0.0, 0.0, -1.0)",512,512,310
Case_01061_0000.nii.gz,0.78125,0.78125,1,"(1.0, 0.0, 0.0, 0.0, -1.0, 0.0, 0.0, 0.0, -1.0)",512,512,310
Case_00528_0000.nii.gz,0.83984375,0.83984375,1,"(-1.0, 0.0, 0.0, 0.0, -1.0, 0.0, 0.0, 0.0, 1.0)",512,512,316
Case_00428_0000.nii.gz,0.962890625,0.962890625,1,"(-1.0, 0.0, 0.0, 0.0, -1.0, 0.0, 0.0, 0.0, 1.0)",512,512,326
Case_00757_0000.nii.gz,0.775390625,0.775390625,1,"(-1.0, 0.0, 0.0, 0.0, -1.0, 0.0, 0.0, 0.0, 1.0)",512,512,337
Case_00448_0000.nii.gz,0.6796875,0.6796875,1,"(-1.0, 0.0, 0.0, 0.0, -1.0, 0.0, 0.0, 0.0, 1.0)",512,512,365
Case_00752_0000.nii.gz,0.7265625,0.7265625,1,"(-1.0, 0.0, 0.0, 0.0, -1.0, 0.0, 0.0, 0.0, 1.0)",512,512,411
Case_00411_0000.nii.gz,0.80859375,0.80859375,1,"(-1.0, 0.0, 0.0, 0.0, -1.0, 0.0, 0.0, 0.0, 1.0)",512,512,423
Case_00956_0000.nii.gz,0.6328125,0.6328125,1,"(-1.0, 0.0, 0.0, 0.0, -1.0, 0.0, 0.0, 0.0, 1.0)",512,512,433
Case_00571_0000.nii.gz,0.767578125,0.767578125,1,"(-1.0, 0.0, 0.0, 0.0, -1.0, 0.0, 0.0, 0.0, 1.0)",512,512,437
Case_00012_0000.nii.gz,0.849609375,0.849609375,1,"(-1.0, 0.0, 0.0, 0.0, -1.0, 0.0, 0.0, 0.0, 1.0)",512,512,439
Case_00068_0000.nii.gz,0.654296875,0.654296875,1,"(-1.0, 0.0, 0.0, 0.0, -1.0, 0.0, 0.0, 0.0, 1.0)",512,512,455
Case_00067_0000.nii.gz,0.671875,0.671875,1,"(-1.0, 0.0, 0.0, 0.0, -1.0, 0.0, 0.0, 0.0, 1.0)",512,512,466
Case_00967_0000.nii.gz,0.7265625,0.7265625,1,"(-1.0, 0.0, 0.0, 0.0, -1.0, 0.0, 0.0, 0.0, 1.0)",512,512,469
Case_00527_0000.nii.gz,0.82421875,0.82421875,1,"(-1.0, 0.0, 0.0, 0.0, -1.0, 0.0, 0.0, 0.0, 1.0)",512,512,470
Case_00685_0000.nii.gz,0.763671875,0.763671875,1,"(-1.0, 0.0, 0.0, 0.0, -1.0, 0.0, 0.0, 0.0, 1.0)",512,512,491
Case_00728_0000.nii.gz,0.953125,0.953125,1,"(-1.0, 0.0, 0.0, 0.0, -1.0, 0.0, 0.0, 0.0, 1.0)",512,512,505
Case_00270_0000.nii.gz,0.775390625,0.775390625,1,"(-1.0, 0.0, 0.0, 0.0, -1.0, 0.0, 0.0, 0.0, 1.0)",512,512,517
Case_00079_0000.nii.gz,0.873046875,0.873046875,1,"(-1.0, 0.0, 0.0, 0.0, -1.0, 0.0, 0.0, 0.0, 1.0)",512,512,518
Case_00077_0000.nii.gz,0.693359375,0.693359375,1,"(-1.0, 0.0, 0.0, 0.0, -1.0, 0.0, 0.0, 0.0, 1.0)",512,512,534
Case_00584_0000.nii.gz,0.748046875,0.748046875,1,"(-1.0, 0.0, 0.0, 0.0, -1.0, 0.0, 0.0, 0.0, 1.0)",512,512,541
Case_00585_0000.nii.gz,0.84765625,0.84765625,1,"(-1.0, 0.0, 0.0, 0.0, -1.0, 0.0, 0.0, 0.0, 1.0)",512,512,541
Case_00474_0000.nii.gz,0.8203125,0.8203125,1,"(-1.0, 0.0, 0.0, 0.0, -1.0, 0.0, 0.0, 0.0, 1.0)",512,512,549
Case_00071_0000.nii.gz,0.654296875,0.654296875,1,"(-1.0, 0.0, 0.0, 0.0, -1.0, 0.0, 0.0, 0.0, 1.0)",512,512,565
Case_00961_0000.nii.gz,0.76953125,0.76953125,1,"(-1.0, 0.0, 0.0, 0.0, -1.0, 0.0, 0.0, 0.0, 1.0)",512,512,584
Case_00070_0000.nii.gz,0.685546875,0.685546875,1,"(-1.0, 0.0, 0.0, 0.0, -1.0, 0.0, 0.0, 0.0, 1.0)",512,512,588
Case_00681_0000.nii.gz,0.7109375,0.7109375,1,"(-1.0, 0.0, 0.0, 0.0, -1.0, 0.0, 0.0, 0.0, 1.0)",512,512,598
Case_00069_0000.nii.gz,0.84765625,0.84765625,1,"(-1.0, 0.0, 0.0, 0.0, -1.0, 0.0, 0.0, 0.0, 1.0)",512,512,605
Case_00064_0000.nii.gz,0.63671875,0.63671875,1,"(-1.0, 0.0, 0.0, 0.0, -1.0, 0.0, 0.0, 0.0, 1.0)",512,512,620
Case_00962_0000.nii.gz,0.765625,0.765625,1,"(-1.0, 0.0, 0.0, 0.0, -1.0, 0.0, 0.0, 0.0, 1.0)",512,512,627
Case_00727_0000.nii.gz,0.7734375,0.7734375,1,"(-1.0, 0.0, 0.0, 0.0, -1.0, 0.0, 0.0, 0.0, 1.0)",512,512,636
Case_00047_0000.nii.gz,0.970703125,0.970703125,1,"(-1.0, 0.0, 0.0, 0.0, -1.0, 0.0, 0.0, 0.0, 1.0)",512,512,734
